{"stats":{"minecraft:killed_by":{"minecraft:player":7},"minecraft:custom":{"minecraft:jump":603,"minecraft:time_since_rest":338,"minecraft:leave_game":1,"minecraft:walk_on_water_one_cm":649,"minecraft:damage_dealt":1086,"minecraft:crouch_one_cm":3777,"minecraft:deaths":73,"minecraft:sprint_one_cm":244773,"minecraft:play_time":33559,"minecraft:damage_taken":12767,"minecraft:time_since_death":337,"minecraft:walk_one_cm":122173,"minecraft:sneak_time":937,"minecraft:total_world_time":33559,"minecraft:inspect_dispenser":2,"minecraft:drop":38,"minecraft:fall_one_cm":74016,"minecraft:fly_one_cm":168512,"minecraft:player_kills":14},"minecraft:dropped":{"minecraft:arrow":679}},"DataVersion":2865}