{"stats":{"minecraft:killed_by":{"minecraft:player":14},"minecraft:custom":{"minecraft:jump":992,"minecraft:time_since_rest":9110,"minecraft:leave_game":1,"minecraft:walk_on_water_one_cm":570,"minecraft:damage_dealt":1262,"minecraft:crouch_one_cm":1762,"minecraft:deaths":80,"minecraft:sprint_one_cm":229452,"minecraft:play_time":33367,"minecraft:damage_taken":13464,"minecraft:time_since_death":9109,"minecraft:walk_one_cm":99620,"minecraft:sneak_time":453,"minecraft:total_world_time":33367,"minecraft:player_kills":7,"minecraft:drop":38,"minecraft:fall_one_cm":42914,"minecraft:fly_one_cm":264510,"minecraft:inspect_dispenser":2},"minecraft:dropped":{"minecraft:tipped_arrow":1,"minecraft:arrow":37}},"DataVersion":2865}