{"stats":{"minecraft:used":{"minecraft:cooked_beef":4,"minecraft:beef":1},"minecraft:killed_by":{"minecraft:player":3},"minecraft:picked_up":{"minecraft:beef":78,"minecraft:tipped_arrow":1},"minecraft:custom":{"minecraft:jump":1776,"minecraft:time_since_rest":1419,"minecraft:damage_dealt":107,"minecraft:damage_taken":36710,"minecraft:leave_game":9,"minecraft:crouch_one_cm":36,"minecraft:time_since_death":1417,"minecraft:play_time":107645,"minecraft:sprint_one_cm":426969,"minecraft:walk_one_cm":443220,"minecraft:walk_on_water_one_cm":5185,"minecraft:deaths":164,"minecraft:sneak_time":111,"minecraft:total_world_time":37983,"minecraft:fall_one_cm":280687,"minecraft:drop":24,"minecraft:fly_one_cm":525745},"minecraft:dropped":{"minecraft:beef":205,"minecraft:cooked_beef":64}},"DataVersion":2865}