{"stat.walkOneCm":382929,"stat.leaveGame":7,"stat.drop.minecraft.cooked_beef":2,"stat.damageTaken":26046,"stat.drop.minecraft.tipped_arrow":14,"stat.flyOneCm":234080,"stat.deaths":91,"stat.drop":21,"stat.jump":993,"stat.swimOneCm":588,"stat.playOneMinute":79955,"stat.fallOneCm":139142,"stat.useItem.minecraft.cooked_beef":9,"stat.sneakTime":341,"stat.crouchOneCm":546,"stat.drop.minecraft.arrow":5,"stat.timeSinceDeath":0,"stat.pickup.minecraft.tipped_arrow":7,"stat.sprintOneCm":310978,"stat.diveOneCm":6988}