{"stats":{"minecraft:killed_by":{"minecraft:player":17},"minecraft:custom":{"minecraft:jump":1006,"minecraft:time_since_rest":1318,"minecraft:leave_game":1,"minecraft:walk_on_water_one_cm":28,"minecraft:damage_dealt":270,"minecraft:deaths":119,"minecraft:sprint_one_cm":247065,"minecraft:play_time":39853,"minecraft:damage_taken":19954,"minecraft:time_since_death":1317,"minecraft:walk_one_cm":119393,"minecraft:sneak_time":85,"minecraft:total_world_time":39853,"minecraft:inspect_dispenser":2,"minecraft:fall_one_cm":152857,"minecraft:fly_one_cm":377540,"minecraft:player_kills":2}},"DataVersion":2865}