{"stat.walkOneCm":87627,"stat.leaveGame":3,"stat.pickup.minecraft.arrow":1,"stat.damageTaken":12480,"stat.dispenserInspected":22,"stat.useItem.minecraft.beef":4,"stat.flyOneCm":227355,"stat.deaths":43,"stat.drop":1,"stat.jump":987,"stat.swimOneCm":16994,"stat.playOneMinute":45626,"stat.fallOneCm":106470,"stat.climbOneCm":28,"stat.pickup.minecraft.beef":60,"stat.sneakTime":478,"stat.crouchOneCm":1665,"stat.drop.minecraft.arrow":1,"stat.timeSinceDeath":809,"stat.sprintOneCm":165557,"stat.diveOneCm":11565}