{"stats":{"minecraft:used":{"minecraft:orange_dye":4,"minecraft:water_bucket":77,"minecraft:iron_bars":24,"minecraft:smooth_quartz_slab":7,"minecraft:flint_and_steel":8,"minecraft:redstone_ore":7,"minecraft:red_stained_glass":2,"minecraft:red_sandstone_slab":6404,"minecraft:redstone":411,"minecraft:dark_oak_sign":3,"minecraft:light_gray_carpet":3,"minecraft:ladder":3,"minecraft:oak_sign":40,"minecraft:blue_wool":1,"minecraft:iron_sword":4,"minecraft:spruce_sign":1,"minecraft:white_dye":3,"minecraft:warped_sign":2,"minecraft:glow_ink_sac":27,"minecraft:white_wool":693,"minecraft:orange_stained_glass":1,"minecraft:polished_blackstone_pressure_plate":22,"minecraft:dirt":1,"minecraft:blue_dye":3,"minecraft:birch_pressure_plate":5,"minecraft:white_carpet":3,"minecraft:light_blue_dye":2,"minecraft:green_dye":1,"minecraft:birch_sign":1,"minecraft:orange_wool":4,"minecraft:warped_pressure_plate":10,"minecraft:light_blue_stained_glass":3,"minecraft:purple_stained_glass":3,"minecraft:big_dripleaf":2,"minecraft:redstone_torch":4,"minecraft:lever":3,"minecraft:lava_bucket":827,"minecraft:acacia_sign":2,"minecraft:villager_spawn_egg":7,"minecraft:red_wool":1,"minecraft:command_block":153,"minecraft:yellow_stained_glass":3,"minecraft:heavy_weighted_pressure_plate":39,"minecraft:grass_block":3,"minecraft:light_weighted_pressure_plate":6,"minecraft:barrier":1357,"minecraft:stone_button":28,"minecraft:yellow_wool":48,"minecraft:light_gray_wool":76,"minecraft:tripwire_hook":9,"minecraft:jungle_sign":1,"minecraft:fishing_rod":20,"minecraft:repeater":165,"minecraft:bow":24,"minecraft:beef":5,"minecraft:acacia_pressure_plate":154,"minecraft:lime_stained_glass":2,"minecraft:white_stained_glass":12,"minecraft:bucket":347,"minecraft:chain_command_block":3,"minecraft:ice":27,"minecraft:repeating_command_block":1,"minecraft:polished_blackstone_button":1,"minecraft:crimson_pressure_plate":23,"minecraft:red_dye":1,"minecraft:cooked_beef":39,"minecraft:warped_button":4,"minecraft:observer":2,"minecraft:cobweb":25},"minecraft:custom":{"minecraft:leave_game":67,"minecraft:time_since_death":15133,"minecraft:climb_one_cm":2143,"minecraft:time_since_rest":15134,"minecraft:sprint_one_cm":3481013,"minecraft:damage_taken":103116,"minecraft:walk_one_cm":4093995,"minecraft:drop":220,"minecraft:damage_dealt":1717,"minecraft:fly_one_cm":14564241,"minecraft:player_kills":28,"minecraft:crouch_one_cm":121458,"minecraft:play_time":1771462,"minecraft:deaths":505,"minecraft:sneak_time":56810,"minecraft:walk_under_water_one_cm":25577,"minecraft:jump":20044,"minecraft:walk_on_water_one_cm":59960,"minecraft:total_world_time":642833,"minecraft:fall_one_cm":753384,"minecraft:inspect_dispenser":128},"minecraft:dropped":{"minecraft:repeating_command_block":1,"minecraft:emerald_block":2,"minecraft:lever":1,"minecraft:orange_dye":1,"minecraft:cooked_beef":131,"minecraft:glow_ink_sac":1,"minecraft:barrier":9,"minecraft:light_gray_wool":3,"minecraft:slime_block":21,"minecraft:command_block":1,"minecraft:oak_sign":2,"minecraft:lava_bucket":3,"minecraft:tipped_arrow":17,"minecraft:stone":1,"minecraft:polished_blackstone_pressure_plate":1,"minecraft:heavy_weighted_pressure_plate":1,"minecraft:redstone_torch":1,"minecraft:arrow":8,"minecraft:calcite":64,"minecraft:fishing_rod":1,"minecraft:white_wool":55,"minecraft:bucket":3,"minecraft:acacia_pressure_plate":1,"minecraft:redstone":2},"minecraft:picked_up":{"minecraft:barrier":6,"minecraft:cooked_beef":192,"minecraft:repeater":1,"minecraft:glow_ink_sac":1,"minecraft:tripwire_hook":6,"minecraft:acacia_pressure_plate":3,"minecraft:heavy_weighted_pressure_plate":1,"minecraft:oak_trapdoor":1,"minecraft:white_carpet":1,"minecraft:oak_sign":5,"minecraft:bucket":8,"minecraft:beef":119,"minecraft:redstone_torch":5,"minecraft:tipped_arrow":8,"minecraft:stone":1,"minecraft:orange_dye":1,"minecraft:emerald_block":2,"minecraft:lava_bucket":5,"minecraft:stone_button":5,"minecraft:redstone":8,"minecraft:arrow":2260,"minecraft:command_block":2,"minecraft:slime_block":117,"minecraft:white_wool":69},"minecraft:killed_by":{"minecraft:player":25}},"DataVersion":3120}