{"stats":{"minecraft:used":{"minecraft:iron_sword":10},"minecraft:killed_by":{"minecraft:player":30},"minecraft:picked_up":{"minecraft:arrow":6},"minecraft:custom":{"minecraft:time_since_rest":209,"minecraft:crouch_one_cm":11937,"minecraft:sprint_one_cm":868950,"minecraft:play_time":163952,"minecraft:deaths":258,"minecraft:damage_taken":40858,"minecraft:walk_one_cm":488464,"minecraft:sneak_time":5009,"minecraft:walk_under_water_one_cm":6333,"minecraft:drop":27,"minecraft:jump":3721,"minecraft:damage_dealt":1964,"minecraft:leave_game":7,"minecraft:walk_on_water_one_cm":5715,"minecraft:time_since_death":208,"minecraft:climb_one_cm":298,"minecraft:total_world_time":127957,"minecraft:player_kills":25,"minecraft:fall_one_cm":320330,"minecraft:fly_one_cm":1809326,"minecraft:inspect_dispenser":4},"minecraft:dropped":{"minecraft:tipped_arrow":836,"minecraft:arrow":10}},"DataVersion":2865}