{"stats":{"minecraft:killed_by":{"minecraft:player":5},"minecraft:picked_up":{"minecraft:slime_block":21,"minecraft:white_wool":46},"minecraft:custom":{"minecraft:jump":3108,"minecraft:time_since_rest":632,"minecraft:damage_dealt":360,"minecraft:damage_taken":37087,"minecraft:leave_game":5,"minecraft:crouch_one_cm":1469,"minecraft:play_time":130695,"minecraft:time_since_death":630,"minecraft:sprint_one_cm":728836,"minecraft:walk_one_cm":642599,"minecraft:walk_on_water_one_cm":91,"minecraft:deaths":201,"minecraft:sneak_time":555,"minecraft:total_world_time":130695,"minecraft:player_kills":2,"minecraft:fall_one_cm":377989,"minecraft:drop":36,"minecraft:fly_one_cm":1115959},"minecraft:dropped":{"minecraft:white_wool":39,"minecraft:tipped_arrow":7,"minecraft:arrow":3}},"DataVersion":2865}