{"stats":{"minecraft:used":{"minecraft:dark_oak_boat":1,"minecraft:bow":14,"minecraft:cooked_beef":12},"minecraft:killed_by":{"minecraft:player":18},"minecraft:picked_up":{"minecraft:tipped_arrow":2,"minecraft:cooked_beef":4,"minecraft:arrow":3,"minecraft:slime_block":55,"minecraft:red_wool":3,"minecraft:white_wool":1},"minecraft:custom":{"minecraft:time_since_rest":804,"minecraft:crouch_one_cm":110,"minecraft:damage_taken":95370,"minecraft:play_time":296654,"minecraft:sprint_one_cm":1243179,"minecraft:deaths":454,"minecraft:walk_one_cm":2088109,"minecraft:sneak_time":312,"minecraft:walk_under_water_one_cm":1301,"minecraft:drop":137,"minecraft:boat_one_cm":21231,"minecraft:jump":3892,"minecraft:damage_dealt":433,"minecraft:leave_game":10,"minecraft:time_since_death":803,"minecraft:walk_on_water_one_cm":768,"minecraft:total_world_time":244666,"minecraft:player_kills":1,"minecraft:fall_one_cm":683942,"minecraft:fly_one_cm":1375147,"minecraft:inspect_dispenser":1},"minecraft:dropped":{"minecraft:tipped_arrow":1,"minecraft:arrow":129,"minecraft:red_wool":1,"minecraft:cooked_beef":6}},"DataVersion":2865}