{"stats":{"minecraft:killed_by":{"minecraft:player":12},"minecraft:dropped":{"minecraft:tipped_arrow":9,"minecraft:arrow":282},"minecraft:custom":{"minecraft:jump":809,"minecraft:time_since_rest":4273,"minecraft:leave_game":1,"minecraft:damage_dealt":1285,"minecraft:crouch_one_cm":1383,"minecraft:deaths":89,"minecraft:sprint_one_cm":428618,"minecraft:play_time":58925,"minecraft:damage_taken":21231,"minecraft:time_since_death":4272,"minecraft:walk_one_cm":249308,"minecraft:sneak_time":593,"minecraft:total_world_time":58925,"minecraft:player_kills":20,"minecraft:drop":46,"minecraft:fall_one_cm":84006,"minecraft:fly_one_cm":301071,"minecraft:inspect_dispenser":15}},"DataVersion":2865}