{"stats":{"minecraft:used":{"minecraft:oak_trapdoor":2,"minecraft:white_wool":1,"minecraft:beef":11,"minecraft:bow":25,"minecraft:barrier":3,"minecraft:oak_sign":2,"minecraft:cooked_beef":22,"minecraft:iron_sword":12,"minecraft:splash_potion":1},"minecraft:killed_by":{"minecraft:player":33},"minecraft:picked_up":{"minecraft:tipped_arrow":4,"minecraft:cooked_beef":305,"minecraft:arrow":1,"minecraft:stone_button":1,"minecraft:white_wool":2,"minecraft:oak_trapdoor":1},"minecraft:custom":{"minecraft:time_since_rest":132,"minecraft:crouch_one_cm":51929,"minecraft:damage_taken":105283,"minecraft:play_time":472060,"minecraft:sprint_one_cm":2165017,"minecraft:walk_one_cm":1458562,"minecraft:deaths":499,"minecraft:sneak_time":16626,"minecraft:walk_under_water_one_cm":34223,"minecraft:drop":178,"minecraft:jump":8636,"minecraft:damage_dealt":4575,"minecraft:leave_game":23,"minecraft:time_since_death":131,"minecraft:walk_on_water_one_cm":28359,"minecraft:total_world_time":129751,"minecraft:climb_one_cm":1021,"minecraft:fly_one_cm":3144867,"minecraft:inspect_dispenser":35,"minecraft:fall_one_cm":528421,"minecraft:player_kills":73},"minecraft:dropped":{"minecraft:lava_bucket":2,"minecraft:tipped_arrow":74,"minecraft:shield":1,"minecraft:arrow":202,"minecraft:oak_trapdoor":2,"minecraft:beef":61,"minecraft:cooked_beef":423,"minecraft:oak_sign":1}},"DataVersion":2865}